"metric","mean","median"
"read_length",1038.23536309884,547
"gc_content",53.0001517077928,53.53
"mean_quality",17.8963446939305,17.31
